"","y","d","x_1","x_2"
"1",37.5889021958683,43.2540606331448,94.5411924163397,18.3666963502765
"2",33.7083443317387,48.4880904325511,105.365853041076,14.1091136215255
"3",44.9414230595799,50.1971830248056,104.196231486187,21.7883489094675
"4",44.5300356536338,50.9800018843206,94.1637280078972,26.3676784932613
"5",29.8929879724154,59.485690750782,108.474600173119,17.5295272469521
"6",38.4676838628394,49.4611527523638,102.660219793649,23.7473215907812
"7",43.4299838265995,47.8035293188143,104.445852703604,22.0972748287022
"8",36.2589838272946,53.01135975283,95.3350487643424,29.9758230894804
"9",27.477952542176,43.1666663021703,91.516299560511,12.2175797866657
"10",38.0283397911647,51.7869351531218,100.023119424158,23.9254079945385
"11",31.9401668168371,42.2817959808832,86.8309187570038,18.6686716740951
"12",29.4676904427626,57.300560019749,105.982691126947,13.23984333314
"13",48.9365282880889,47.5312198223269,92.377856296541,20.4199486644939
"14",30.8982012705719,47.8344413824207,85.7090969675924,22.2598036471754
"15",44.3547399984428,50.573404515806,103.322444490134,22.4452753970399
"16",38.5888084332433,45.2031550198067,95.3093931239151,19.1539871320128
"17",29.2911544555713,49.1800929059684,96.6501320641594,19.3115026131272
"18",36.7437672696128,55.604918723012,115.362521555058,18.8988975109532
"19",35.1117858863063,48.5898553903033,106.099945332537,23.1533917738125
"20",37.8255739451271,53.5399072507594,105.163356984357,18.5998387821019
"21",35.0541517047132,48.9295591450216,99.2569143867689,18.2881417125463
"22",27.6571130398798,52.4071230591006,93.9484305362381,15.9840076602995
"23",35.4664174960881,40.1862296741068,82.9035481510108,16.306399689056
"24",29.9939285192178,49.9758802924876,97.3130689461884,19.8460733005777
"25",40.6368788025687,53.4895590988637,93.5140849324468,17.0104985358194
"26",38.8065989660745,51.6181748330544,99.0588987320522,16.0014189919457
"27",39.3644401785853,50.8833514715826,99.1445904892475,11.530158193782
"28",35.2903559291064,54.9237421902825,101.195310708933,20.0759227853268
"29",37.0785364117888,46.1935701267697,98.8370360733132,19.4467323319986
"30",36.8948987364592,53.9840039627606,90.5617276380844,20.4143184656277
"31",37.2405960519123,51.4693944935159,99.6626207608818,27.8530128579587
"32",40.5234175961958,44.1637117461026,94.1457244298033,16.8466142984107
"33",34.0683496080577,49.9466958771071,106.128513630369,11.5764218987897
"34",53.4493862551638,61.1861972770458,115.171224946233,11.719039529562
"35",36.7456598892442,48.1263013989818,106.57380436751,24.0915068099275
"36",32.0590079452019,43.7755612594719,89.2581866338826,16.3665826339275
"37",22.9353577380731,41.9784563541096,55.3043559056999,19.5964646758512
"38",36.2476625023785,55.5000046949619,103.690450207269,10.8152181142941
"39",44.512879731737,47.2990873787358,101.692266912809,17.5983726745471
"40",36.5220001461189,44.6364294854584,81.7780968162724,23.998449887149
"41",37.3319986554787,51.8717573228544,100.673576997,29.4920184696093
"42",25.0353952623938,51.2159490612591,100.171059617313,20.326822893694
"43",26.5843848380795,45.8876297868358,96.5634063221616,25.0695401709527
"44",37.0686276357528,52.434829871833,93.3210780330844,14.2189711285755
"45",49.7365700370702,54.4928331296138,97.4425543126761,17.2690980276093
"46",49.6103516431612,55.7631208961252,95.3879204144649,29.6597251854837
"47",32.1499876126804,54.1029091400181,114.71641582426,26.8631559098139
"48",30.2926538177334,47.9761103312011,99.0803968326299,21.8261846527457
"49",38.0891680458696,58.0566939826666,103.35194298095,22.8477811859921
"50",34.7609719861974,47.7357917812003,97.681354068034,26.1237183678895
"51",38.0685876147138,51.8893616130797,105.266525584735,14.3076519342139
"52",24.4358798494848,44.8671927506776,89.2637393487142,11.5433976752684
"53",33.3240039955998,47.9505416635606,107.696818760249,29.1240882035345
"54",38.0700312293567,61.5207598861016,117.709053751397,23.1156403431669
"55",33.0935501531485,56.5620626780789,98.0381781073361,25.5562183866277
"56",37.4266446141059,49.0215773040253,102.04749735014,15.3274918766692
"57",33.0979604226084,52.0770630090981,94.0340193106978,22.0675571355969
"58",48.2726261504646,58.5807338639783,111.782477489052,20.2827629493549
"59",30.118666654147,52.8684184029428,110.494212215423,22.7921042079106
"60",34.7933569128296,51.1010266365082,105.609811661384,25.1960275135934
"61",34.9770271917688,53.2085515241865,114.520751825209,26.0524257784709
"62",43.6958872447851,49.9951353558659,104.082015318089,27.6125313807279
"63",30.1768627771822,48.5614789768994,95.596659590074,24.3505223514512
"64",42.0299928743943,56.6217761091419,113.185661974096,29.1473928838968
"65",40.3988778125364,47.5307607189235,105.713866111409,13.8836630294099
"66",27.3055268596463,42.8157177309334,87.2001282086639,23.2713593170047
"67",37.0747237290469,42.0144096877099,87.6112041133188,17.1807635994628
"68",46.3241331119894,47.9982859451987,90.7740887644865,24.0445997659117
"69",37.5048903609089,55.529267082631,113.49612062115,16.2265922874212
"70",32.5191405914478,51.7243031350388,84.3238341305284,21.2548199156299
"71",43.7445350856621,49.6465680844963,101.437999250599,16.1420612037182
"72",29.0789498546776,49.9231107195511,91.1389000587824,25.032330439426
"73",35.1491789082854,46.6983108650205,99.744258096378,14.2426623171195
"74",39.3735876394409,50.4253165632181,96.7226460712223,18.9573537139222
"75",34.5514595055585,49.2816205323301,99.240389843631,10.133665939793
"76",34.4754097579393,42.2530252530676,86.4533636991648,28.6299307039008
"77",32.1930514817489,52.8788893204232,90.3919118144026,20.0583857903257
"78",39.9120112275798,58.4599364930488,102.249543392686,26.8366301432252
"79",30.0556571616755,47.5717028778725,98.768395368736,17.3420088086277
"80",37.9325963368699,50.8491915364696,100.010410200124,13.6393642518669
"81",31.9118856169213,52.0454808546629,94.2875675207611,25.4301731055602
"82",31.6201357771979,52.9069011013624,104.226217750232,11.7584683280438
"83",29.9514617434996,42.0297493555613,83.2661418977411,24.1941805602983
"84",38.214157932396,47.8810224404444,88.6397406942815,19.0861606039107
"85",34.5759528053842,57.8732614520564,103.61212489424,16.0214992193505
"86",31.0760693729482,51.0451318939016,110.568642128202,20.4400973999873
"87",36.3115442453819,48.7217646450417,80.070795471955,18.3743045246229
"88",30.605877042955,57.5402900468364,107.643850535897,19.912786455825
"89",36.551465402792,49.9064896785971,100.071653485389,15.2228705398738
"90",32.5005752056524,58.356057087537,101.019743358637,10.9085708018392
"91",34.9314170548603,53.9496698736825,97.6723284443726,22.5371703179553
"92",31.8210038612532,45.8945467911261,85.796368720561,11.6253271792084
"93",37.269694512167,52.2763991092514,91.8667726942991,27.4923079786822
"94",45.7411186872758,51.6072531092927,104.610693038179,17.2087489254773
"95",38.657690174875,54.6130398837135,97.8510639042814,21.9734871899709
"96",32.9990472877359,56.0958331800154,101.389452481135,14.7306848224252
"97",33.0475866785778,59.2828649946276,108.442303618888,21.859421543777
"98",36.2325202488463,47.9196421458515,86.9154966678839,24.5701242890209
"99",47.7172472773869,52.0619632071467,110.451686581364,12.4614431383088
"100",46.7577229763374,50.7760057416569,112.101739229185,12.3008270328864
"101",45.6047036436554,57.320371650516,100.831436725421,10.577439609915
"102",42.4251040496525,63.0469009079956,127.849470311772,24.7153897630051
"103",33.2311922416917,51.4601969187084,105.9528232057,24.4360359804705
"104",35.4934904217838,52.2017028672086,100.776663494543,20.4093810822815
"105",33.5300924042766,46.024222784567,94.4130339430468,26.0648050298914
"106",38.0861982011292,45.7464689285121,91.9323232367101,17.1656148135662
"107",33.9453815603227,46.4837348688071,94.8929093900943,19.9416408268735
"108",30.5814335277583,54.0657640445723,94.4351287776145,20.4550479119644
"109",30.0442349948732,50.8224568967714,102.411251648863,25.9946243138984
"110",40.1753199753153,43.9744481959445,94.2466297747221,19.1073348745704
"111",48.4581125389194,56.1211750278924,119.855697309259,10.5014047306031
"112",38.1285195720107,51.469833920955,104.632027469877,18.4491940028965
"113",38.0181868547257,54.9562293651902,102.924344102564,14.1527326125652
"114",32.6994030197525,44.844636165093,94.8601734731967,20.1850730041042
"115",33.552592378964,45.0820723686548,87.6426118221651,19.9679200397804
"116",34.3313829772678,37.8500820182749,74.98768751071,29.7441174229607
"117",30.9193955629377,43.8060821200347,86.033717612363,12.6921880571172
"118",30.3248708221369,50.8195659400936,91.0086475855654,13.4053326630965
"119",27.7440165867812,41.9940196067244,86.7270364622081,21.3583744736388
"120",39.8269452410876,47.5769670746909,102.028664301061,22.6673106104136
"121",44.8040719496877,52.6292892377313,110.128362623696,18.5042728018016
"122",33.189088776233,51.1677451449308,100.253434401099,18.4123119572178
"123",39.9862906481059,49.5867407094833,94.9284997824997,26.5930454572663
"124",34.3325626449175,53.974694970905,94.9305676413519,20.679159858264
"125",38.3736898975695,50.4009825888797,102.649887659523,28.5977539606392
"126",48.2720866606554,56.971689568477,105.91681739879,18.6935046920553
"127",42.7273703991681,49.8469557391273,97.1165929034295,19.2596178362146
"128",35.8221449735105,46.5846294799773,94.7092962210332,14.5826709270477
"129",42.9921377009804,55.6790502511601,98.2013461513133,18.7171722576022
"130",38.6528267708751,52.3841207155105,90.6956230322389,14.7918437933549
"131",29.4718732374899,45.2090746026927,75.3254395576922,15.0872699078172
"132",50.2325785646576,56.7972017026413,99.4959257431062,26.7447752226144
"133",32.9790282814715,56.1129201414729,102.464381776807,20.3065982088447
"134",31.1887879125561,51.4791660746598,115.313628688466,17.0616618636996
"135",31.278690050317,47.8305507024026,105.916378719259,29.1945663280785
"136",32.5448567682655,50.3660233675283,83.8145805064494,12.5409790826961
"137",33.6533430740842,54.1629333893512,93.6506782456766,14.9392986437306
"138",45.4569754540515,62.1946813212808,113.567544894455,26.5942650847137
"139",30.1897699586444,51.1820500472845,92.4197287859676,22.7854140847921
"140",51.3071520681486,58.347165512746,103.753640358032,17.8044876921922
"141",53.5228551685654,54.7211396040062,106.671638717647,14.2291394760832
"142",38.1082280784155,47.6029854109939,99.9142376101868,12.8783532278612
"143",38.6938270454976,52.7273924955752,100.924404534146,18.9068758673966
"144",32.5806483222036,52.5101400878057,103.202826420314,10.091576683335
"145",42.7112888708802,53.8735301962942,101.65091250501,29.2078845156357
"146",22.7387514541628,53.9574885861045,89.4679326574798,13.7925372645259
"147",37.0100335383833,52.2420142881085,104.473946768119,27.0139186596498
"148",36.1198771694413,54.2936724580785,110.571368248989,17.6813918119296
"149",31.1602415042968,42.4391369805572,85.2484266985191,19.0065518254414
"150",37.8381297405236,49.8366613245585,102.0073285977,11.4122996060178
"151",30.9617974279079,49.7769023030268,99.2954730972162,19.6166685735807
"152",39.8707943499741,50.0545161754207,92.4968084370552,14.5608583372086
"153",42.7592895355989,48.0159266308272,99.0598623810725,28.4698934713379
"154",38.4984824612737,50.1967628924208,104.127494622962,17.9652135120705
"155",32.3789050043943,51.3197767205465,87.4252103952753,27.1502301562577
"156",46.9501763334958,55.1483847698913,101.97063492738,26.6312785120681
"157",29.6553340135922,39.2200592116115,81.0768508359356,23.8856116123497
"158",34.1825082893094,58.0928110109835,102.521761637768,24.7186935786158
"159",33.189024351783,42.7503465919928,93.5214908416211,11.9348438084126
"160",45.5373909846328,52.9961790535607,97.3394231704487,27.4879303341731
"161",40.6225998009553,50.3060586841378,97.1323217990601,22.7884186524898
"162",38.2698946160952,48.4273949234613,94.7071254484507,24.1608527163044
"163",33.3557241036079,48.1608566035006,94.4295497407475,11.2640762887895
"164",30.9221896091007,44.1016602578062,94.5156108738194,10.1587215578184
"165",29.6307335413992,46.2854854400904,100.637433919173,21.2672704225406
"166",39.8852134816468,53.5022260773399,88.2194002919787,11.2027202825993
"167",39.1936204702151,51.7771034973485,86.2509814528209,18.9868205273524
"168",29.6840291010622,53.3456028366021,103.333497354502,23.4335384517908
"169",35.1802021006082,51.5612615964044,105.597446726541,12.5939877284691
"170",34.9817620010355,41.1127589155947,88.4224328590368,15.2282602433115
"171",38.8283328332618,62.0016623491354,113.595626446133,17.9519976861775
"172",40.9632326830334,51.4478538011345,113.923633348238,18.2997345877811
"173",31.8250144006155,46.6816185099162,83.6803965679225,23.3079491835088
"174",43.141349186598,52.9736611181437,109.944334726524,15.1198173686862
"175",32.9866850513234,54.7812103177577,115.975854684909,20.3406299790367
"176",28.6916853684852,54.5287486415019,93.240609359299,11.9965856522322
"177",39.3094631571789,49.1015724577658,105.056522754206,29.4848747551441
"178",42.7565808524137,55.4501025838521,108.61314702479,10.057335277088
"179",41.1247671176216,53.6564804993153,107.455505896374,20.9656718093902
"180",35.0492675192746,50.7292892408521,109.483998775605,23.2228312687948
"181",37.6110863825924,53.6256299196493,97.2175872527413,12.4100288469344
"182",42.368781035296,58.6811100548109,111.369703696369,13.7398985074833
"183",32.4391266151604,54.4905439355739,109.784894267324,25.1786818867549
"184",42.0850413619209,55.936675144687,116.473931432972,24.5379973761737
"185",28.8897131227647,48.4260946042007,84.9353509809051,24.621782945469
"186",42.1146388033658,48.4211658153397,82.0616825663866,21.9873584480956
"187",34.6909482180146,45.8188940193686,86.070014360812,18.909330368042
"188",28.3835232822104,46.759918790398,104.638976694468,28.0900587467477
"189",35.7703541677979,51.6864029307581,107.481313731311,13.9384828694165
"190",41.2840086850599,51.3968933740803,112.235672736457,18.4058907954022
"191",33.3090933353513,57.3939943467133,103.287331376054,28.2831502798945
"192",38.8520994864889,52.1964786259245,112.029108011768,29.9201261112466
"193",41.9197101310515,53.5555325478971,88.2196416806174,22.0702519034967
"194",56.3385874903839,55.4551831729224,109.161471125398,28.280997001566
"195",36.7623633034462,51.0181466694614,96.0926103657565,24.707366861403
"196",32.9670442577558,51.4297338568129,96.6870740421883,27.8939412906766
"197",33.5968927333249,50.7363479138096,91.9253084790562,28.1765374494717
"198",43.9224386924844,55.9125930093194,101.419367986854,26.2476608343422
"199",37.0919418310922,55.6378628007029,103.662676983748,29.1156849311665
"200",31.5974967227786,47.7598021484106,79.0783028177214,16.3855296559632
"201",33.0840108581736,50.9312890436088,99.7936827612395,26.5308788185939
"202",33.7061091571018,42.6777505917196,90.9633248766885,14.6670556114987
"203",36.1271135729342,61.2949164298714,121.467501025747,23.6523305019364
"204",40.9356957369459,57.6578618042774,105.278421596264,29.2244978714734
"205",35.9072768577614,41.0974412816702,88.3846397784763,17.4757843231782
"206",37.9349232965705,57.9079073988904,103.266761593674,24.1880838153884
"207",39.8582435436182,51.0883225658268,104.316068916798,14.3285064445809
"208",36.7876653362443,60.2480936134501,112.290550881541,11.7711394652724
"209",33.09069578606,54.9936787463126,93.2742174862106,23.5472303628922
"210",39.6630890002125,58.1602141408786,116.159861082098,28.424211172387
"211",26.3910816967226,36.3676270910479,71.4393821486235,27.9350299341604
"212",34.9688970634429,47.6429260276723,94.3052570579039,15.3600284224376
"213",37.3904370027667,51.5323796438235,92.6741376893583,29.2696578847244
"214",43.6977033606347,52.1358914036058,116.786160404724,24.8831487679854
"215",29.4798370821576,46.4108664853782,103.883841607668,22.6848695985973
"216",33.8093852658823,54.610660989642,96.0081464008664,27.770604970865
"217",36.8362588716043,43.9362548319326,87.7556392562925,28.1126869469881
"218",38.0146343933582,50.6536323969107,106.694015824194,16.4847174845636
"219",38.1415309842154,59.1832054880705,109.74766083242,18.204152546823
"220",39.2538571384704,50.6515711016516,91.4035038753893,29.5457654865459
"221",42.6259656926176,52.6604824029166,100.633182686694,26.2366575840861
"222",35.5624821518575,53.2021001951091,95.9341169245202,20.8638358861208
"223",46.0734863652264,53.6599183749705,102.48242866283,23.3252638345584
"224",44.562559710395,46.1516439047211,97.4851533686841,21.2909839628264
"225",24.8518950475827,44.5400234081129,90.2000260365857,14.4478970579803
"226",44.7521552882791,55.9017001025958,105.890418888102,21.0750005859882
"227",33.6595283560633,41.8297918380995,85.9510511227253,13.3943189308047
"228",35.6396883051795,51.5489610759305,84.9021108454483,11.1558794789016
"229",30.1830549324571,44.5205287951494,95.7845558750264,23.6745986854658
"230",40.4725295340726,54.9271251635047,112.801836192575,18.0341335199773
"231",34.5318204379151,50.9563417956045,96.3593993528343,10.5876222671941
"232",39.2984531635103,52.9744026450781,91.4745808803519,12.4895848426968
"233",46.3959923970723,55.4006721244419,98.9412359081054,19.2342781368643
"234",42.6369332546169,56.8892774757251,113.290976925426,21.3766425708309
"235",37.2174294791019,55.1155211840104,97.2035777790472,16.0361967654899
"236",35.774575155567,50.7502768740607,100.507539339787,12.329344865866
"237",32.6225799495747,54.6005853528895,99.2063168683202,10.6259511457756
"238",40.5272415134166,52.0230872914689,102.210828405015,20.9037521341816
"239",28.7523867523474,47.5792534309124,100.009076063697,16.9507092842832
"240",32.1282366245447,46.2701116489816,98.5235528565707,26.6012641601264
"241",40.3667892320264,49.5526859115915,97.4511313020954,19.357501026243
"242",33.8666576318444,57.9197048562665,108.007665087361,11.9019864406437
"243",43.3465430642334,57.385732677503,115.77792662254,11.2446150463074
"244",40.0204786282624,46.7953498291351,100.476278443165,12.6485921768472
"245",37.1175808339281,52.8701718257377,105.527551041413,21.0998978139833
"246",33.869368979816,44.0738446232603,85.2421600357552,14.5191715843976
"247",35.7717164464528,53.1108987833151,108.312149134667,18.3947684988379
"248",29.1038608578127,50.989563608721,86.8832152993874,10.2261278126389
"249",41.135576042919,49.1038737282284,98.9100805927165,11.0613960400224
"250",38.762871848694,56.3633424451339,106.405751040005,16.705517154187
"251",40.972267288628,43.0227858311874,92.1404262564025,29.7290526283905
"252",44.8515318645282,59.09085535058,110.11742755066,21.2450830079615
"253",34.8494111758038,49.917151297794,78.44196487252,26.3300852477551
"254",39.6298422610206,52.8163428886246,117.803879692861,23.783104470931
"255",46.2307281161763,55.8944664446338,104.192816019106,10.9888015082106
"256",36.251962553015,48.2451708247249,89.8574879194256,23.9870652696118
"257",36.9762458336317,56.9379427245487,97.8740119059025,24.4451970048249
"258",26.9052804056372,47.3671641694497,76.5698362168787,15.6702179927379
"259",35.9432283343343,49.615724485735,101.729942696953,24.8415309423581
"260",41.2958064426707,58.124861084935,110.705764460204,12.5695789186284
"261",38.7878747299303,49.2659966631227,94.6693033851132,16.5017788531259
"262",39.879400857528,52.4137911803061,100.46964152702,16.7838236084208
"263",29.0780843380319,46.1232533718935,78.2924627761519,20.7612351374701
"264",34.2573344957387,51.5964985354924,108.006001325093,20.26304399129
"265",37.7789173526003,47.9913818068028,103.785509010157,18.3304673386738
"266",40.9616322193217,51.4471332315573,102.717319053394,29.4777695322409
"267",41.0385212792865,56.9863173750673,99.1545697703364,24.620694713667
"268",35.4562928919233,46.7168138887909,85.9656001585374,12.362573496066
"269",39.7093972013184,55.1922543375378,109.613104477418,16.3787544704974
"270",28.5502431261452,45.542344491264,75.9609281685102,27.2761766100302
"271",44.6614929019073,58.0001423083614,115.475677636823,15.6624098401517
"272",45.6664492136709,61.7597383635264,111.569989718672,14.9953633733094
"273",39.7750290525917,54.0681771276848,108.533808526943,20.21475055255
"274",32.0030644036077,41.3847077934204,89.5546262486817,27.8124778112397
"275",43.6226329893459,49.4909728134017,95.3015592919033,23.3510337304324
"276",30.4472087034867,47.987382141844,88.7990859017004,12.0004953676835
"277",43.3872979788689,56.1253230099901,96.9601569599762,25.5341295525432
"278",49.2955960758748,58.9489140615368,110.906936433841,28.3989976812154
"279",35.0105490993656,54.9627489902362,101.900747946145,20.1860562013462
"280",30.0347418766913,54.4014122262723,109.982253245247,22.5713054323569
"281",28.1492221925594,39.397369509932,76.7043497157851,21.6837860597298
"282",36.9372939177536,47.4494022033643,90.4076671821199,25.675855204463
"283",40.049614566091,50.5508018953988,105.539170310242,15.3537313081324
"284",30.689940140783,49.7466213985462,112.901020887075,26.839923444204
"285",39.3014741723922,52.7889231511797,94.7658421693729,22.8008545190096
"286",35.6080829336944,40.8759719606318,86.1310318366002,28.1101215584204
"287",38.7814946747114,61.0183659586285,112.271789745207,27.2345760790631
"288",32.9957933335557,44.2801628203209,89.2444540512572,12.9909433005378
"289",27.2650697742091,48.0080311713082,92.5268779522853,29.9732152093202
"290",43.9512365561462,51.4878551859792,115.239678554746,20.0258373003453
"291",30.5415386870872,52.1069917924848,105.426101409606,26.2726919492707
"292",36.7606354093342,44.1323410708213,94.8106279417707,23.4167447919026
"293",33.134710906816,56.5222234287798,96.7534606503418,10.2648898679763
"294",41.3028955683063,49.655226919444,92.1473934171925,10.5475710146129
"295",38.9539795045001,47.725117167538,88.0247879516225,13.5832741064951
"296",34.5084445152081,49.6139129219151,108.785885458824,26.7070844955742
"297",40.680586844103,52.4345665597693,106.561228944351,26.6021423134953
"298",36.2116711939032,48.516631691765,99.7883440602091,20.1919675292447
"299",41.6483010756035,61.155190322427,109.597596710734,14.2325775837526
"300",46.7697172323372,53.7053360003685,94.8225982994601,26.8827135581523
"301",43.0996672350888,54.2840476021013,110.684467206531,10.8969705598429
"302",43.9501710044993,49.488720261602,109.163479679579,27.5583919556811
"303",39.3667954989317,55.0756635613845,107.135873825852,21.0538806254044
"304",49.3085386146273,56.0927518409882,112.618042727326,18.2156850816682
"305",35.3383213751947,51.1789681967524,103.897322041831,14.7585532953963
"306",38.0005087586418,50.4431312337295,86.5526794966207,27.3747435584664
"307",19.6547195327701,44.210890282627,79.9932142167002,24.6472236420959
"308",38.0659075630934,58.0007231916539,112.986890408545,10.7213404402137
"309",40.8486774879956,53.2675225381527,94.2130999901125,16.5088836988434
"310",35.6885452388603,49.1290168754305,83.0153095386964,17.1472667390481
"311",29.7459259703402,42.4502211895879,90.9755603405291,17.2397584095597
"312",38.4682356551785,46.2411719840952,99.5882770641308,25.4717042949051
"313",47.7377170612203,56.4078735254677,112.057517182739,20.8907455019653
"314",35.287133318456,47.6761917711446,90.7517571799793,21.9592972425744
"315",40.3267727465196,53.886568709136,108.340734934166,12.4828028865159
"316",31.7037319327161,42.4252919400063,80.6859808944561,14.6352615905926
"317",33.5464880811471,51.3915754164747,112.821765350894,18.0291993310675
"318",38.3755712741245,60.1989004457295,106.808980104359,29.8681747121736
"319",29.161490750664,54.9265169334743,101.397125529699,28.5516451112926
"320",43.6009120851917,48.6357077259164,102.329569027643,13.2401362154633
"321",46.0001958392296,47.9691933623335,107.682245793302,24.7176665719599
"322",26.2744496686706,49.1419583935935,88.3012840297319,25.672686654143
"323",34.739838546856,52.7298990448501,94.297687221061,27.4669792922214
"324",27.8996620354466,45.7808220675136,88.7779067150491,29.7398042865098
"325",36.9756029970121,52.2499031296598,110.952859299428,10.0382795371115
"326",40.0257792181242,56.566229134578,103.585116301833,18.1008022930473
"327",48.3444547669187,58.5930172487945,110.648089555848,18.7823277059942
"328",36.5267607940141,49.5644893132071,80.7783541909327,22.3718753969297
"329",37.3224277945646,45.7949678334622,88.4187346517854,20.0236156582832
"330",35.7646440818348,48.2003976685816,91.8668694626224,14.2421179031953
"331",36.5740877003714,48.3929635246251,93.3649246798999,22.736555035226
"332",39.2847169137716,58.3401118187876,106.200681872716,27.505202065222
"333",41.0888808067218,52.3983953335396,110.155151727497,13.6255809478462
"334",52.5571491882604,57.3247008668238,112.379693156102,27.54673932679
"335",36.8266654183747,55.7564705923071,110.754764539286,19.1692596999928
"336",34.7193955150331,49.3024380288632,98.4182499389259,11.6184341162443
"337",41.0850618901558,55.9961852271615,112.104601855667,22.097591906786
"338",48.120419360439,55.6261015273845,102.153071181112,22.2523778863251
"339",37.4584212620757,54.6811048472151,106.065374385922,28.8097880966961
"340",34.1733718128953,55.5409248905983,97.7839704461342,28.8960011303425
"341",48.513024801573,59.1467490077909,113.130401966416,14.1012225532904
"342",39.7886024336049,44.7145591069598,93.289189497309,13.9445029059425
"343",34.6023233965294,42.8646985954344,93.2181505747724,20.5625438131392
"344",45.9840999923073,47.1377341194934,104.170774484032,23.9654995081946
"345",36.7649026643671,50.9453858245917,106.423328779454,25.1944636180997
"346",30.4416353901366,47.588869946278,91.9721855461739,25.89985167142
"347",32.5065125697521,45.4331910130694,93.6123122009143,16.69124760665
"348",32.6980179480184,43.9915117912351,85.2103508502997,11.6197793325409
"349",37.9365871999897,53.1729528636874,100.117978640091,24.75449079182
"350",42.9311389944244,56.5773084232211,109.930165420313,19.008795931004
"351",23.2638451426798,38.1789055508827,76.5319810795159,17.6680620666593
"352",40.8312077854195,52.5517063901446,97.0079933949515,12.2418577689677
"353",38.6783987767616,53.4517076088373,94.5829327160429,29.5458572311327
"354",40.54739468738,57.1214309074382,112.20105243326,22.553304405883
"355",30.1089903759326,48.9777131518379,95.9282394591804,27.3512202501297
"356",44.5068136411892,59.3537050665598,115.371147666462,28.1570235826075
"357",37.9658782256748,55.8967855538923,102.587714073842,14.7956626722589
"358",40.0225201186884,52.0930952920371,106.253622989643,14.1639916971326
"359",37.0942871185197,54.7930401974889,104.100572867072,23.4234940307215
"360",36.1078584005472,47.5146254763841,100.236057910375,14.2627636063844
"361",31.4632609218549,46.8526209843238,96.6635635645221,28.9064276730642
"362",48.6754412710836,50.6680893253006,98.9963415471125,10.209795050323
"363",27.0073477435962,41.227914290024,77.5768565332945,17.1237968187779
"364",40.4347634318904,55.8234474136842,101.977226054794,17.0096411090344
"365",21.4516862894101,38.4863245495729,80.362790995715,25.3295474080369
"366",39.9988821361633,43.7722534964543,94.0998940199701,12.1163205849007
"367",41.4048844510642,49.8733907722553,110.210907699716,21.923417574726
"368",41.7564328186873,59.4167667677233,108.99296609647,22.3236408131197
"369",53.2688918743849,63.625748538874,116.717488390516,24.5945289637893
"370",50.4856442572396,52.9570018895676,105.09915049514,12.2664876328781
"371",26.3144568332117,39.7888767995778,76.7355501557035,24.4855507463217
"372",37.0425797381268,53.8552472190389,96.5524296015282,23.7021026201546
"373",38.2379667467689,47.1141471324702,97.1679529799758,25.9406935749575
"374",33.5730169638993,48.8806575793283,107.696379772513,27.6077162008733
"375",46.2381412462323,56.5096773748138,100.280373983442,21.7517952946946
"376",46.4929572665963,53.2307064244093,86.8034066012496,27.3560932697728
"377",45.7607353336819,57.4819965072219,108.904560899698,27.4972159368917
"378",36.9063876636239,52.1523097637532,112.216119125739,18.4647433366627
"379",42.5663186570163,57.3262439391011,98.6445235101488,13.0513061955571
"380",32.0124878752032,45.2056640799508,85.8313175219979,22.7513242792338
"381",22.6057265441792,40.1251366865362,83.9887740810288,26.6020910488442
"382",35.3851052923938,44.3452652891963,87.444109404155,22.8418820304796
"383",48.9751788994404,64.0668743999338,119.373596605748,25.8693083561957
"384",24.8029495861268,55.1898775559035,97.0900886165577,15.8580431574956
"385",42.390741574276,50.5678795245755,104.499732933885,17.3589701391757
"386",32.7517379668949,45.0287695897955,99.908292934359,19.0439827274531
"387",38.6615939771761,47.9774667474696,101.758201341351,29.3553566699848
"388",37.8990697798161,58.0447028527295,113.317392608491,17.4440910248086
"389",45.4009530399673,46.8208741103297,94.4972771851873,23.4514665836468
"390",31.2870757386924,48.7983575411305,99.2375665089318,23.9524740586057
"391",34.0489473671912,50.4071508959353,99.9233082486178,18.3886442612857
"392",39.4702823162004,45.7134331776525,99.3766854556402,17.0884884847328
"393",26.793625272257,40.1438615248204,75.1455953878593,11.1823181668296
"394",36.4195905747901,37.5598784225917,76.0365832834953,29.5417596912012
"395",33.4806000971981,53.6394011949625,102.166896028303,15.7083695940673
"396",36.7889556400406,45.9549900612114,97.9353118653996,25.0871648779139
"397",39.1027345854735,54.6345999464467,94.3851530126376,10.4757278226316
"398",48.6985536875453,56.4224555032548,99.3335551578916,18.4304573899135
"399",33.1859946846424,44.0523698589826,83.7325922623453,11.7792192241177
"400",35.6303479987449,55.3021171930172,97.6388476965737,29.2659341776744
"401",29.9315502377663,42.3411729668435,88.2992837670339,18.1489301845431
"402",35.5037140940696,48.6594907125604,96.5241164963312,14.3002698989585
"403",39.8412004413915,55.6009831262559,94.3581827002957,16.8279670830816
"404",35.4662948437796,47.0752797799593,92.4278081161737,14.4163042074069
"405",42.4548307721716,57.663988237119,107.020147157005,23.6307309567928
"406",41.5574512115464,51.3136181760613,99.5194202678906,17.7433142298833
"407",44.7440718248508,49.2121543179618,95.7778420574372,15.2939864993095
"408",37.0247714117547,43.6490563373052,87.5561855267649,20.365131883882
"409",42.3154423628482,54.0859097146183,93.2693181051836,16.1346312751994
"410",20.3570322662457,48.7919494775421,92.4784478812129,12.0174648985267
"411",33.1073617984593,41.2445047162759,88.0243102195824,10.7679586717859
"412",35.4303830043366,57.2720551917602,114.170577170405,10.0872564641759
"413",44.8113486234857,45.4462352024729,97.2809259240549,21.7712111771107
"414",25.6931010222594,48.609189460785,107.777662029849,13.9004700630903
"415",36.9015521016974,57.7595744658296,107.322010311175,22.0241505745798
"416",40.707792574643,58.3196196015436,114.280572011262,24.9708629213274
"417",47.7644342013632,58.3547493125336,119.393267404428,20.2304082131013
"418",46.7735522664334,56.5166904748815,108.62583186063,25.9921369375661
"419",43.0457978090428,54.5093261562169,109.494282375056,20.0932403141633
"420",34.1572813516663,51.4407913825635,108.998650606767,29.3559519108385
"421",34.036744336845,47.9317725637139,85.2975553962409,20.967765902169
"422",41.3150826917616,58.2209275481436,108.462492101867,17.9557266412303
"423",45.1530229432961,45.6810263585697,99.2204260132746,25.1757315779105
"424",37.9851321390441,54.2547436234812,104.586194936397,21.0064280545339
"425",28.3498343289708,49.9702509797408,94.8106805866442,18.226028480567
"426",37.5895377721803,48.608669585021,96.1042136896767,22.9360634414479
"427",38.7571011557559,58.1454019849136,101.650770116982,29.3299499154091
"428",45.7502705283705,57.4955332519375,133.009122520387,25.1122948108241
"429",56.6597418977131,60.7717328386193,114.909698848825,28.3749495772645
"430",40.8908036225438,57.4457328594744,111.063449602438,29.8533442476764
"431",38.1509379945229,54.6166766103842,96.3238520679518,14.0930454293266
"432",38.7889812491764,44.745264493548,89.5555832507479,11.6292969509959
"433",41.0474281647846,49.8495552769294,95.0532045119282,25.081661217846
"434",31.7403573632986,48.4385432190658,93.968899343675,22.0199050754309
"435",28.6563426085215,46.2535183078889,95.3239757589729,26.1868033604696
"436",38.6332103091066,55.928378909486,107.016026059391,28.1337035121396
"437",37.398015200102,50.8977823164933,102.570527904578,18.6443430604413
"438",34.1866713976837,46.8136776207908,95.1310232606208,17.1497010206804
"439",29.7024158061811,47.4374348421771,103.432530587993,19.4186037918553
"440",27.5614991599479,44.8426238849098,99.2773595921404,25.2882749261335
"441",43.4185472152381,59.6043993672835,108.008348476944,13.9416151214391
"442",49.6236184513307,55.54641948906,112.43320443096,24.4668289553374
"443",37.2679773890588,40.7098318909376,83.6625979290176,22.9914074577391
"444",29.9490248695389,43.9032309143095,91.4799324494224,13.4682826604694
"445",36.8019899654601,45.2154502945637,89.7093750071212,29.4790364895016
"446",29.2054355813014,56.3458082122174,110.939676808301,29.0089672990143
"447",43.4516307703209,57.6193124637157,124.132077901268,11.8573530344293
"448",33.6532049332329,47.6876385236589,100.348759518128,16.2497245566919
"449",40.5544658058899,47.0055863134585,92.2462340814256,27.11198866833
"450",38.8280331865636,44.684031880259,96.2961664410932,27.7319789584726
"451",34.0189630226287,48.895193419068,106.296759766321,29.0805117739365
"452",38.5392403320416,48.7559857582256,106.189445397431,13.7357732094824
"453",36.3689552688149,50.5679019272898,89.2512676379545,15.4595257062465
"454",32.2723264623093,58.4042041375571,101.839133993799,19.7804181557149
"455",33.9226720069615,43.9431181038676,94.9745319001223,13.295066729188
"456",29.7460751058942,49.3789628383519,96.2341842422001,26.3846243591979
"457",35.7951784518219,48.6729330220683,83.6393372582682,21.3282353105024
"458",40.3053870815968,48.3974669126566,98.7677532954024,18.5131875891238
"459",49.0929413110679,56.6075330644354,116.649793858765,10.1746499445289
"460",36.3421918881281,54.9384100121757,97.9485511231194,18.0874555883929
"461",33.8178664100253,52.3606522488189,100.580158066607,16.4948653709143
"462",27.5989548995897,52.8707076710428,88.1815078804702,10.9858890203759
"463",43.5230022455187,46.5143473035075,104.120060640088,23.4951157541946
"464",38.5833084377762,44.1412647943239,80.8878918475719,23.80777629558
"465",44.6861477368209,59.7553849678618,110.884746519886,23.9973748428747
"466",31.4700816635481,57.3626585353547,106.011784159155,18.9323112973943
"467",34.824159552715,49.2567332990371,102.100492130538,29.0152748022228
"468",48.7858999818424,58.2009505533142,109.217492444838,19.6967225568369
"469",38.8671389992246,57.8230412895503,111.455323845731,25.7546400511637
"470",33.2805190721999,50.5168445565136,88.2263727534971,14.3138855183497
"471",46.049521800357,57.8545325205074,120.768355695895,19.9930849438533
"472",35.5303491064096,51.3801259440548,103.446167202584,11.0389825515449
"473",46.0558370955745,59.094387663375,118.877618933058,16.7759037623182
"474",49.6603160005611,59.9516195735595,123.133418028956,20.045278314501
"475",34.3658859399028,46.5429496294882,91.0666801720772,10.1701883459464
"476",39.3536536029224,51.8439826263475,95.091898327264,15.1537437457591
"477",37.11421445859,51.7500248294258,92.8406924704966,14.1965339612216
"478",34.0810248462001,48.364959913245,95.5093029385819,14.3951733177528
"479",37.4174066178294,52.1066431307466,108.721996398709,19.3901866441593
"480",38.1065149861981,54.0790828154061,105.782715065435,12.2520803567022
"481",35.6474133943676,45.4606537486172,94.7996760386512,22.2205506358296
"482",38.1042510075233,47.7799960979765,97.8392561976244,21.032620924525
"483",37.8472652174333,59.2734030115518,103.653798531237,21.3360338751227
"484",46.8212716278225,57.9814620854328,103.130243809892,18.8334866985679
"485",42.744061232059,55.4758721447518,105.210288112309,10.9412521403283
"486",32.0843362876093,48.2726009019664,106.518945999181,21.0578265041113
"487",39.0702127642177,51.4749823879622,107.599586959844,21.211839672178
"488",36.2694471382556,46.0772362572035,88.2802494294371,22.7080660918728
"489",41.5122445193377,56.5368293670362,113.467317228174,16.9064199505374
"490",40.5428083752464,50.7575886255942,91.9269925893077,17.6576447486877
"491",31.0302893953246,40.1551536935217,84.760108690928,14.89668098744
"492",44.1079615515021,57.4061688894777,102.884156324741,19.3120051780716
"493",47.7232572995354,56.8065311795482,116.997068260506,19.2935109464452
"494",58.7125090643541,61.5326255310496,110.845056051703,29.2489806702361
"495",40.9234056276941,50.4542169415397,94.7682601254714,14.9895105417818
"496",25.3393149909909,48.0867688148251,100.786668461339,16.9255659729242
"497",36.7344404972042,46.7938592050141,90.542647140875,14.1506957123056
"498",41.3498793827145,51.4795278890998,88.1139971716354,25.6712980475277
"499",37.0414048983953,50.1959089120171,102.197107811131,22.1561444643885
"500",45.1491889652561,56.0551591310893,102.023852947237,28.1240669917315
"501",26.9400450526853,57.65112514499,108.232656047636,19.9697793135419
"502",36.25139288908,46.0837329796841,87.1511689209911,10.4424885520712
"503",34.6114782180374,49.6551211775613,104.064376164988,27.999205570668
"504",39.2007065751771,50.0598180235898,89.0182773436482,23.6750758625567
"505",33.1770687850552,48.0403264104091,102.883779050564,25.1562650641426
"506",41.3389270332683,53.1180039852735,105.846641463193,19.9453117651865
"507",38.4256222421098,52.7279403766438,94.248315496452,10.427494039759
"508",42.2183999829798,53.5880820108926,111.301981262696,20.0130980368704
"509",42.2786665158347,55.3651576374683,104.209293285924,29.6828004997224
"510",39.4999782014156,50.2617885470395,105.621875570423,18.7977356510237
"511",34.9641262086154,41.8782918439044,85.0459398042629,24.4169017579406
"512",39.0384744299779,45.9836128460338,95.2543876736829,26.1575778666884
"513",38.1321967012468,50.1814721493414,87.8202085998948,11.054402324371
"514",41.6377653672866,51.7757423867962,104.861653696886,21.9589167414233
"515",41.7283454855532,55.7556224236138,106.167819187674,20.3812304325402
"516",28.6783815248077,49.9628278154539,91.6905446251146,13.8329343451187
"517",44.2088355539055,53.7210745786104,93.207256482055,23.8893858203664
"518",41.3466559841183,56.9724713602571,106.27758140117,12.3696277569979
"519",35.3720295134102,57.1484998662583,98.6163255625802,11.2716567981988
"520",37.7010434742071,52.9864841573318,95.0587269063521,19.7225569840521
"521",46.2483986649835,48.6560484008508,104.655043363869,26.5353678213432
"522",44.5310554685406,56.9751173321766,112.518048695861,14.2812966089696
"523",32.6523215844541,51.4620137710157,91.2548896303227,17.0816515479237
"524",30.1435220468725,51.4431548715461,112.611951204917,15.1974295452237
"525",35.4372024230692,52.4109496376476,97.9678570771853,22.3180685006082
"526",35.039071490487,48.7444771392855,101.040087692739,28.8547560246661
"527",39.8672528225641,52.246632797789,99.8548369333314,22.2953556431457
"528",33.0478436291825,48.506683408931,97.8596358698291,23.5746856452897
"529",34.3766208236217,42.0535670511958,90.2839480340674,26.0583633370697
"530",37.8678578487834,41.1342168005567,87.0622710337894,18.2891880255193
"531",36.9236301336,48.3469893947297,109.24008049099,19.5502259302884
"532",31.2886389926912,47.614312995541,99.9553177341794,24.0738572599366
"533",37.1531619643858,56.8281364113311,99.733932108947,21.5428350027651
"534",37.3988049800711,54.0823588646758,103.20423086062,25.6754851201549
"535",38.7920221168678,46.8205736526124,100.930955539012,20.407329397276
"536",34.4255498593142,45.2303452478262,83.5864319254527,21.5762703912333
"537",32.3101998403555,42.5369088768691,85.3078769826497,29.0905521996319
"538",37.2764619522359,51.0849810568586,101.907235940777,13.5599582456052
"539",37.9425712119239,54.6502890675769,124.198814933979,16.1842898325995
"540",34.4398176951602,48.3969883730257,90.4568983202252,11.9010805897415
"541",40.0078216951631,51.704309854995,92.1508745872109,29.4992955494672
"542",30.9652477394485,40.9160962756147,75.2412787836527,24.1079566022381
"543",42.5375794917126,56.7079364979432,101.507420048458,12.5633216137066
"544",33.5348820297754,48.9218348728274,93.8222144019299,13.9995087962598
"545",36.445634198005,53.9356656704825,96.7841511823184,25.7119626132771
"546",49.3772509787167,49.4539356691294,106.267630565911,25.7803586730734
"547",31.3594168168504,49.7479006155601,86.479302670999,20.9173767222092
"548",41.6748928414811,54.0281222070098,107.084153355364,26.8635885603726
"549",37.5132521635805,47.8485432692085,90.9395463734676,29.0880586765707
"550",20.5699348944665,40.4362087795235,81.3644549664918,16.9742110511288
"551",23.1625484140932,40.0736157711287,83.1606675228554,21.6442038305104
"552",32.1171682351376,54.5014832569881,91.4535231583989,12.6574640255421
"553",34.1094435657271,49.7065830205738,89.9228381546968,11.8823260162026
"554",41.143842635821,48.2327743210479,98.7013311719052,10.716818026267
"555",47.8334630775583,52.9568067687151,115.423497699482,24.7345138993114
"556",48.5490012922761,59.3808284964379,118.254519340173,27.0676011079922
"557",33.9986118281641,56.0401863744392,105.334170049563,19.5806150557473
"558",36.7823844892881,41.45402848793,88.3415514178253,14.6587428497151
"559",35.9072751805322,47.5249743675649,91.6079439388652,11.046920819208
"560",33.1159804395431,49.4533703413721,83.837979983518,16.7454004054889
"561",39.3095772039502,46.4133916601713,100.347045560816,23.530309824273
"562",43.5732506596996,56.658759188204,109.621348228888,15.82245208323
"563",41.3457907887079,54.4702885084216,93.473143416161,17.084505460225
"564",30.6372331748495,50.2470454226418,87.3279248702694,27.6990820514038
"565",34.7563359995394,41.9848136072248,86.8617045983713,28.557913005352
"566",25.9764153716284,51.7907096433681,100.55943457536,21.043843338266
"567",30.9440122453789,45.9226782399499,95.7536306234314,16.1901121353731
"568",44.7106503875642,60.3229625749436,124.621938577597,22.4280182737857
"569",46.3521992267975,58.9590428114931,111.697398350193,14.6015312336385
"570",41.8055218715846,55.7694355243672,100.854222819434,23.9951788587496
"571",37.5921153597471,54.5386390706115,100.703920075154,10.746818180196
"572",32.1190814293309,46.1863034761155,87.6161312438595,24.6147643215954
"573",33.7623108277746,51.1050709245136,81.4927047787409,21.5673057222739
"574",40.7679468314156,50.2528313499298,107.339562779926,25.7478700811043
"575",33.9372410586066,49.1910194781118,103.017153509353,28.2706596283242
"576",36.8007198967997,56.5817668128319,97.1032468981316,13.7695843586698
"577",29.2868243148638,49.8707429847428,108.19156694405,23.3622503979132
"578",35.1769168743139,55.8505560739951,109.083927943121,15.8965035527945
"579",32.7072342179958,48.8831765620468,107.131373122324,22.159414566122
"580",31.2039092043332,46.5382993080027,97.1592727505277,23.5785304894671
"581",37.4343134459659,53.7771252199339,101.961051639777,11.7391393240541
"582",25.0334722330444,52.9116541268469,99.3503724358382,10.6952421599999
"583",42.8000983149152,56.2683568971709,104.68508689332,19.5286140171811
"584",37.2070221450096,54.5444335129129,100.074610401349,23.1406994443387
"585",29.0025710317575,53.5781597156614,90.9247372523151,24.93314079009
"586",38.2249198992941,47.6353576726155,85.5341295839063,12.2016891092062
"587",44.2692364758223,45.9552418492707,97.9889179196662,28.2957335934043
"588",42.5039260311334,58.0449720628041,102.503254658394,28.9268229575828
"589",38.4791461975332,52.9624857008189,89.8137478350028,26.2248896621168
"590",37.6955703821475,47.4689517198461,97.7726162784746,27.0795804960653
"591",33.9562125257192,51.2200221774992,101.209326009102,19.0947516029701
"592",41.2594334800781,56.8913116245992,97.0938084921122,13.6067295726389
"593",31.1827316585874,42.3598968014245,87.9904359965275,12.7405877783895
"594",40.8500959110352,45.3446735712706,99.9623444765559,24.4129995722324
"595",37.2928810762475,50.5753990385501,108.375402350193,28.2230733614415
"596",43.7060988397316,56.2874525935877,127.499220733537,28.3723466424271
"597",44.3322015035513,49.6502414644474,107.301802522306,26.9428267329931
"598",34.1865966019709,55.0178519939611,99.6172257700611,21.232210281305
"599",40.3453271210612,47.9632693761585,106.227838641724,29.3221026519313
"600",34.607467779701,56.4745563646803,108.904743514164,25.0237541319802
"601",32.6523040004911,52.1007036708822,92.5051383082265,12.4687877995893
"602",38.8187451251388,57.9959329450167,100.275462596315,17.6020652893931
"603",33.6837690835938,55.4357588428875,96.4238570086022,10.0320201553404
"604",44.7424255350283,58.1780110202724,107.821649741646,10.7183073135093
"605",51.3227673890051,50.6674162245341,89.9783580026414,22.4950235011056
"606",28.4007298761402,44.9028522195492,98.6566130132315,29.4818076165393
"607",41.0878938275854,48.5760360012586,94.1423531639818,24.281354714185
"608",29.9054684416335,41.25332715212,87.4881269234261,18.3592646243051
"609",27.8612386905733,52.1435995014572,88.7347011703736,19.3726274184883
"610",32.5474151400797,50.1620858068046,88.7156270220686,23.1500181229785
"611",33.2381419416451,47.1187310936912,98.9615598104243,25.3903063200414
"612",37.1380830773147,55.9647862882243,101.366872571643,12.5971609773114
"613",44.6221273890808,63.0328404605755,114.701839513915,24.5339873945341
"614",45.0893623677432,47.6954517362892,101.887846271314,25.8063849806786
"615",43.2109315289315,58.8128145348428,107.350764510663,15.4885392775759
"616",43.6321573406518,46.5368740792309,100.24792053362,26.6785873565823
"617",39.526231816643,48.5233577599954,100.13230883469,15.477440059185
"618",36.9090443092431,48.0952017638624,108.730546882849,25.7993151294068
"619",35.3820990787193,50.8357853832677,83.6317604937255,23.2188819767907
"620",43.5812307448326,60.6155117950167,107.60824378307,14.2076836014166
"621",44.7190533531002,60.8117769491756,114.285007077506,26.8323977431282
"622",39.9203065314795,48.1081620208387,103.242692670766,24.7103412682191
"623",35.0414438249842,43.7537930893036,94.253595895473,11.2725473893806
"624",32.2772267032573,50.6344039536723,82.8995395754302,29.9730499414727
"625",39.9194794978009,41.3592628034041,84.5961111513166,28.3640249958262
"626",40.4702677564543,51.1039531466515,97.634602209809,24.3154717143625
"627",38.6639210914469,52.9157794269098,103.851386813531,17.7563646482304
"628",35.5481378820222,47.280405587354,84.4003853496571,18.7720736349002
"629",29.008237188926,51.4948813211452,95.4606087889788,11.6230324143544
"630",45.0024591389662,49.4501006838883,111.375253355003,18.854851028882
"631",35.9390654776461,41.7673622884798,87.748181601191,25.4686115775257
"632",43.3332716623418,59.3410890683884,111.535968387866,14.0099338395521
"633",40.4700233449371,51.4430249595298,97.0381100046663,18.4277404053137
"634",39.8662306396171,58.8223341684174,112.923493439023,15.6917610252276
"635",46.1907645338311,57.4822264040848,99.276189281081,21.7690992262214
"636",39.1273709459899,51.4940327615498,102.9036322449,23.7639543833211
"637",37.7483399029998,52.6635153530817,89.2297859462509,17.5582693843171
"638",37.3654775943353,55.3488046948262,109.516903569769,11.959589580074
"639",38.9483055030802,54.5058324413757,102.632317148525,22.9551960714161
"640",39.9174211821829,52.4273120951646,97.0309365666585,17.9917999356985
"641",37.8251767161673,58.9825302481211,106.368213930574,24.7061339998618
"642",43.5075008759407,65.970368854916,123.10391806593,20.1556441327557
"643",27.4836650992118,57.3087636253934,101.846916726963,18.5585354175419
"644",21.1735579274928,48.5382132809642,78.0779882320962,19.5217531733215
"645",31.5527832200741,51.6888721917404,94.7818095793473,14.4247751124203
"646",32.6949215846966,45.115465915757,83.421546851404,26.4097714517266
"647",40.5750702691329,59.0469069113128,117.250748359894,17.688952172175
"648",55.949756335635,51.1050565672018,110.495847734597,22.9651403753087
"649",50.5289549250972,60.2165551218806,120.709916725262,26.0915910778567
"650",38.1514704246808,53.8210711263844,109.94437472197,22.1674729278311
"651",22.610922848343,49.8630001618598,110.727687966099,13.2826062617823
"652",32.5510116160864,52.0341287396982,94.2599417108627,28.5103855701163
"653",41.7531669221684,49.2451928535282,94.0568243420262,13.6252433806658
"654",34.5619690209718,53.8864957773193,95.2080371813771,26.7121907090768
"655",35.7867054946757,48.3956106214849,105.006699103881,14.509015455842
"656",38.0943495443956,50.0217474129421,102.919651083887,21.3646640954539
"657",32.8032104421645,50.2864772227418,92.1852505930332,25.4050794290379
"658",40.5148845632258,52.8600740727035,100.027668844908,20.0560834445059
"659",37.6121743662098,53.9003847726081,97.1720643888148,20.8847174840048
"660",28.4852153834476,44.8187061364287,92.0393317558642,20.9282431378961
"661",51.6040023094402,58.0954209466116,100.856144089684,26.96849884931
"662",36.0876934333788,51.8014558931966,110.175114494526,26.4837843086571
"663",44.6643667659931,49.2981471568174,96.9447352118032,19.8482472030446
"664",42.1781687560006,53.4951586699183,95.4010342837379,17.168115847744
"665",28.5744947294904,42.2685183855821,82.0189115401422,21.2203932739794
"666",28.9155370005535,55.0476108689865,110.297112169696,14.5825178874657
"667",36.5044759090272,57.5418816768099,107.938909802852,11.2493635946885
"668",43.9978759569787,52.3998140153182,104.577277895645,29.4438443658873
"669",39.1327750184951,47.9270645923842,95.4037274803234,18.5376926697791
"670",37.3053122064915,54.3296119120997,100.546679754768,11.6677927598357
"671",38.5781866065572,52.4513238649054,101.578743142257,16.3179191946983
"672",42.4473948371547,49.4735524534187,93.3489007418801,16.7848158581182
"673",34.4955761478421,56.8229459368136,97.3120332562435,27.3894239775836
"674",31.0730912519418,42.7632698293241,91.0770706472989,11.8353501334786
"675",39.636121168786,48.9318478365238,95.6820058907236,18.6995846359059
"676",33.3783849903954,54.126918562245,101.422751444191,13.9359744871035
"677",47.6991780285489,52.0575938944343,102.247653531739,28.1690050987527
"678",32.4741122888725,47.1263408198102,90.4913104353704,23.0278231808916
"679",33.9757839655396,50.2258049300668,98.2697646339242,17.4448645906523
"680",36.6873661918948,53.1906396773467,95.0981655820166,23.88013436459
"681",29.9088866293472,48.0294797765393,95.0190668926505,20.8239165786654
"682",40.0027800264259,51.6239550557668,92.9780750387031,24.6667237579823
"683",38.1267699842217,49.5424796790672,89.7003014999963,25.5765677662566
"684",34.2720184956254,43.4217916551805,78.3972572533454,18.2161670550704
"685",46.9674776520257,62.8432296319839,117.993400922703,29.5882191881537
"686",39.3260890622648,48.1817274901325,92.1127325428804,28.602241082117
"687",39.5733901048752,54.4875970916711,105.798557677008,27.9703153111041
"688",44.7849219913217,56.3916765881696,113.179642797446,29.2503113206476
"689",26.6016003513228,49.1309372816629,97.1142122712048,11.6473340755329
"690",33.8255259054104,43.1698242611798,84.0972223105138,14.2243290087208
"691",28.2749502445981,45.798287576812,86.6050765405346,15.366230821237
"692",45.9499321187206,55.8281680712035,98.1211004209375,24.7132113482803
"693",46.866669898247,67.96200205898,128.890623013225,14.6271046996117
"694",38.7716854783038,48.8339903156898,105.000075680648,15.4903501272202
"695",39.1428659159986,55.1082415470556,94.3901584508111,18.9758385205641
"696",50.32266370555,58.3797462180043,116.94252381175,10.4809443000704
"697",43.6340985639009,57.6562634490246,110.383178245224,12.9006303753704
"698",27.7888232460873,44.2828310712829,97.3008706257363,25.7318042917177
"699",32.2960122867692,50.9503205208072,88.7538307164029,24.8466242989525
"700",36.3923707550524,45.2660905822872,98.4342399916059,10.5942837754264
"701",36.0469671188961,47.4301196441279,103.563288221333,11.2825575005263
"702",28.1110084498183,47.3035008357326,80.1946561063641,28.6156418966129
"703",34.6346694628092,49.3172948263691,91.3351695229202,19.6692550415173
"704",39.9488403262306,53.2764699866629,106.639845802344,17.5451803673059
"705",28.3217267745781,43.7913069746175,78.1561030441357,18.8591549918056
"706",38.2976513141482,55.5862844861504,121.740914611258,11.3749941857532
"707",46.4426278155281,55.6353536746712,116.167473572909,28.4956231992692
"708",40.0666624386959,51.690389176959,106.069447775738,16.5308057097718
"709",34.883858282272,53.068384283823,95.8726881248743,17.7691476419568
"710",51.2674398072915,46.8815556232597,102.276863207312,17.5387884723023
"711",41.4073436232402,54.6917960227135,101.312517120674,17.1590038621798
"712",34.735777665506,57.2414417109882,107.397058164159,13.5219585709274
"713",47.0869017640077,51.7619407635102,104.238791265369,28.1824492989108
"714",34.9731211131337,46.6978486704924,89.9105032335981,14.4900413230062
"715",41.5530037842205,42.465321523143,92.6747241709543,17.3800486093387
"716",42.2048507775161,47.7515721479054,98.1561224454203,21.46768190898
"717",25.485868021084,44.2379006644751,90.4457558542604,26.3833393109962
"718",41.2766193664388,55.6990644269824,94.1864661424596,23.7810470769182
"719",45.9084576101503,58.5345024825717,107.728154334157,10.9582961630076
"720",34.046437974549,43.1210657383464,87.1135332700555,19.9593301909044
"721",34.3430401541796,53.6598912298161,96.1763702712006,19.5259221643209
"722",49.2557097219607,59.7519554000359,126.774467109573,29.8830443061888
"723",40.7328892260731,48.3683084642984,105.340007770408,26.0886122332886
"724",29.6974994151968,48.9370692830808,86.9638521922209,10.482249786146
"725",27.9070522033009,48.1872913453989,87.9816505687526,15.4117553727701
"726",32.7074347694898,50.2778794254299,108.754111941806,10.9837190061808
"727",41.1335006686339,55.1641539650543,106.331291255553,13.4663266222924
"728",37.5123905846125,48.2264954972101,102.878768780807,13.637550980784
"729",29.0628859674851,45.9170384757552,89.2370468700986,25.6318848067895
"730",35.2153605986499,49.1723524863785,104.198884301007,15.4843889642507
"731",41.8852417781021,51.3283652050382,101.006736314179,22.5808465620503
"732",43.4590160596049,54.0444202729146,116.695548924915,18.5554751381278
"733",44.2267607346278,52.6585984967589,103.013686130472,29.4289629068226
"734",40.6060699141566,53.9971085694295,120.099092159328,15.1073814183474
"735",42.9178252622476,57.8664995119718,119.858043274256,11.1807846836746
"736",34.5356912744771,48.7018053838618,98.2074166088253,16.4597221836448
"737",49.5977935201928,54.1492093817357,103.693364764704,13.6973352311179
"738",45.9189817410049,58.2016406922037,112.490595513661,25.7620426174253
"739",35.2959825757904,49.7880034142151,107.204407192228,12.2456931276247
"740",37.5352533244584,47.60658129664,96.4840305333386,16.6883313423023
"741",36.6139668396709,56.6781668169695,97.8152105984654,18.2673340570182
"742",34.6140105246269,43.2868528981719,94.8561587746196,25.1065427158028
"743",40.9446805609858,55.8592809242181,101.618770379303,19.7026994638145
"744",40.9840148758204,57.8268106571707,99.7882782671418,19.9616152327508
"745",39.0468225050119,51.8155407631196,103.571848027244,10.0984894530848
"746",31.634588305444,46.4050318824144,88.0281458274908,21.6134819667786
"747",43.2664758704869,49.3172225263249,103.544895522642,25.3526372043416
"748",37.2275370716941,51.0417257274914,98.4376441394494,24.4870704086497
"749",45.1027292029007,51.0794000033883,97.0056794469744,10.1950684795156
"750",31.4393460216721,53.2866092076099,95.8296808097624,19.4877442345023
"751",38.0573633451458,54.5251496146074,104.736928112436,15.7926665060222
"752",39.2786023548205,58.0419647593463,109.787637728384,10.965761016123
"753",42.3591054788182,50.1004231494222,105.149970966344,24.0382550610229
"754",29.0684099317687,45.6958641877912,88.5414791473193,24.7925250045955
"755",34.0233092278777,48.6566979738732,99.4596804513029,20.8343729237095
"756",39.4640114723852,58.9264071903978,104.108606387022,17.9859033599496
"757",24.5321315308007,45.9865752650448,83.1748394511174,12.8868785174564
"758",29.8522660475113,46.3544402022395,99.8139866787451,12.6793234515935
"759",29.2951124004579,47.4622959282024,89.5046721157374,10.2762896427885
"760",45.4742732764476,54.3555195988264,102.501999213657,13.8313266867772
"761",45.1556055452952,60.083183054892,107.769796353594,23.4594461275265
"762",46.6733785933771,56.7608583651815,111.461339366983,27.7266877656803
"763",28.6937488083389,50.2451107067274,85.5618790386071,24.4250244414434
"764",48.3989433135157,57.9703837967655,104.120808707202,13.8009041082114
"765",38.2776722538419,59.1957400980086,114.839118972196,18.3165238332003
"766",39.6266070648641,53.5037651805627,92.9040489255187,19.8459226684645
"767",44.4094516295351,49.0743984526066,108.798115426288,11.466799331829
"768",37.8634446636689,51.6179067829503,96.6262041882133,25.3452703403309
"769",33.578061434524,48.5171577615787,93.3989403655307,28.6106664966792
"770",41.4986494876354,57.1766238913064,105.731871265687,15.0388984987512
"771",40.212338479317,43.2635581187622,94.7368282423481,26.7881904775277
"772",50.2964849020783,58.4637422841529,101.67634437939,27.8424711246043
"773",31.5417380937735,55.4105187471177,97.9075555012863,22.8524800855666
"774",36.9107182202687,46.8071389842335,96.9961858165646,14.5285010803491
"775",30.6304453628122,52.5963308660324,96.3280169673825,17.032047752291
"776",41.1921287379449,58.9186708297621,116.757406638015,10.5901936814189
"777",32.3780930127471,46.2752765071338,98.2845368000124,12.2820676490664
"778",27.375134341847,49.6508060849265,93.0399579313965,15.2865837188438
"779",29.0713881324846,36.1139586680389,71.398619042392,11.8192412145436
"780",41.6438765888594,47.5674618059082,102.616167665928,20.0078244414181
"781",38.8351800533583,52.8863665910344,93.996177038151,14.8688254877925
"782",39.4657967210575,50.7319689716511,108.565957020654,14.1278541320935
"783",39.4345174598688,51.405028579873,96.7652055990349,26.2689131125808
"784",50.1454622895617,51.5646064964413,109.422286419813,27.1893426543102
"785",39.5456842623703,57.7809659562052,107.55459747556,25.1958292676136
"786",36.5804132383219,51.976825705563,94.8231405587103,18.7693655956537
"787",43.3225323630994,55.3806911568832,125.184794812523,11.3985585886985
"788",46.3293667553452,59.2674185240721,112.178794228894,29.6530087012798
"789",35.684747596696,50.0635825356271,101.746201402851,19.6389531623572
"790",35.128634794253,56.2877054038084,114.3721406955,18.1915594823658
"791",42.2084613859739,54.3697443546835,103.552908810419,28.5909365536645
"792",42.9409168296984,60.7400374360498,108.798287483364,14.8288827762008
"793",34.6918816097633,56.8935843519678,103.804871930155,22.1137577807531
"794",40.9917309792839,52.6097299012746,107.450350666929,12.4235815089196
"795",39.7999174334037,61.2581830191926,109.599644836314,29.898669430986
"796",34.2340973078932,43.2343216595321,89.8439762444866,22.8131060861051
"797",33.2031128738806,50.8640983350279,104.164683413341,27.7413893770427
"798",34.5621119104,44.2548445369216,93.9994959417747,12.31632522773
"799",39.9832028221582,59.4285503803363,108.39678516893,20.8645530650392
"800",42.7402389096755,45.8427366464063,92.851747017923,16.076639117673
"801",32.0414337548036,45.6277520792676,101.364588224895,12.5554610509425
"802",36.1281158797516,54.4581935532036,91.50663120489,10.1544653996825
"803",29.3817219458135,44.5044877810494,90.0636354919248,18.4284667903557
"804",29.6855787123694,46.4869510016765,90.6186746978567,27.3775158077478
"805",42.6421736106671,47.8589733041279,90.4406506384368,21.935524106957
"806",45.4532369511066,59.3160593348504,113.957185166341,28.6769494879991
"807",30.4704017956323,57.7757838673278,106.185086056149,23.4671754576266
"808",36.2631679090245,55.6139871004556,109.26688269953,15.153361572884
"809",25.3733384821817,36.1300526385608,69.3814863825864,10.611125244759
"810",46.3865021551637,54.879097048285,113.641418651275,13.1731403851882
"811",33.210055267016,43.6304778688034,93.8561798860735,21.242243279703
"812",35.4922401995361,50.8663427713036,97.6383706194715,10.1497699832544
"813",48.3972542315274,58.3087457407125,119.135906058456,17.7985601080582
"814",42.4551327946429,50.779259070608,98.4470891495985,25.9986788406968
"815",34.9446276114387,46.4625284980607,91.7466353496261,11.5966182295233
"816",38.9315075826222,49.5897988425469,106.538520886402,20.1986422669142
"817",38.667415749562,47.6272460838727,106.544955235625,16.1418531183153
"818",28.7685027516403,48.514439916293,98.896574798596,23.0850661639124
"819",32.0499520830734,44.451506860535,84.9639949042334,23.7451647408307
"820",40.772518981753,55.8395434245718,113.528824488571,13.340116282925
"821",36.1528982641658,46.2022758782282,85.514687020172,13.6167276045308
"822",38.3865179198355,53.6131042376841,94.9551407932251,14.1394614987075
"823",39.2129333302792,57.7251683550171,99.8228702121366,27.8153327992186
"824",36.4539475886927,45.2201903346297,97.9535881537212,19.5432563126087
"825",46.1319452400936,57.0641930691286,115.907876909669,15.8887412818149
"826",40.2522256651163,55.8025035430147,99.2186366408612,13.0596799217165
"827",40.5517861250301,60.3147827585461,106.905159319152,27.1217255946249
"828",37.2003916721505,51.2511400400201,105.484749502238,16.0939647722989
"829",29.4116464154877,54.5017508203743,96.3557025239728,13.7663621641695
"830",31.1221813890506,53.6540306231994,90.0256491500511,26.0042426595464
"831",49.0940879396705,53.9353831254301,92.749100967412,26.8513245135546
"832",39.5297524224354,55.2240652362014,98.4918194068966,13.1891119945794
"833",38.5823955528377,59.5407064922529,111.476304117963,19.8749015061185
"834",44.9802343189239,55.019478613466,105.752684575644,18.6596719780937
"835",38.2825361980891,56.3633278329645,108.197786120371,13.6458447342739
"836",37.1315509172193,51.9370540399951,105.807921468921,16.2154631875455
"837",40.2508890595427,56.1729361610478,101.541830364479,16.0315185505897
"838",40.1695196896384,56.2528582658385,124.680615506068,10.638911370188
"839",44.0796257385083,55.2709684900516,111.252476769245,27.6108878897503
"840",45.6394574680309,50.8320089256884,107.158684808237,25.4199810465798
"841",42.1241907650715,57.5495775699486,103.53559913283,21.553247468546
"842",37.2275416935146,52.186787806085,109.121175973428,28.2772553432733
"843",40.2718206973575,54.8855959560348,99.5595667528782,14.8992015840486
"844",42.9669969021084,49.9511314556689,89.7096419662336,27.5559468241408
"845",34.3789497738086,43.3082050414691,83.8130721506877,27.8044601809233
"846",47.2677646961492,50.3575349605474,102.167278620499,25.4000554094091
"847",46.9401970610145,64.0299505785269,117.516383744423,27.3046261398122
"848",41.7167852864799,53.6352113031239,102.859871446,25.2252890402451
"849",35.6494523045663,44.6497516900387,89.2466868062615,16.1664766818285
"850",37.9243187461926,55.5863012135313,106.523603156157,11.7956567974761
"851",36.8590823135719,44.8041828547724,88.117112632609,17.4769870052114
"852",40.4595710195346,55.3341989618366,102.499637782338,14.1567584127188
"853",38.2986342185304,47.1430055901495,102.451900483799,17.0910599688068
"854",30.1273437166539,45.2185194309227,99.6780667456356,25.6290001282468
"855",35.4114718601959,54.2168102329059,103.00703472509,12.634804113768
"856",49.8904821067913,51.8374463386517,92.9458640001342,20.2929036924616
"857",40.7839298130867,44.9685343835907,96.5424504553989,24.1385987587273
"858",35.1746456799925,53.1027438581426,113.144061380856,12.022783011198
"859",32.1974337269388,43.0360078228264,93.9383250145239,18.2052986556664
"860",31.695585072129,53.9138481102528,103.819468863606,23.5022619133815
"861",37.1980167289531,54.0942960695405,113.407985317799,14.5079732406884
"862",31.9546796239967,49.8008950821414,92.7701522212504,12.669466198422
"863",51.3360125260764,56.1347890671527,118.158425174041,28.3929190086201
"864",37.9469021937835,53.2904478698345,96.3242760447865,12.9592244978994
"865",48.561517916503,53.7426272108716,112.890318790992,21.9935970520601
"866",45.8863753434433,52.6333473162214,109.849107175121,24.4690007437021
"867",43.0069372716964,54.4157398850599,113.51037687953,25.8453708142042
"868",41.507582763238,47.4228437237633,102.63671437204,21.5289254533127
"869",37.7479496368802,47.6730420910464,89.0071575083341,17.9292066860944
"870",33.9286238356342,43.5225222699976,88.9832384392562,25.8363287243992
"871",37.5566958626229,49.8151587724756,95.9888283740929,12.6108198333532
"872",34.5228884697526,42.1757416781026,82.0742371472098,10.1504949107766
"873",34.9430431230886,54.7217558654912,98.7199877561609,13.0327754467726
"874",36.8692086359495,54.254630118046,106.612555773519,17.891387892887
"875",37.458495933658,44.6014451321492,87.6845433781982,25.646071084775
"876",29.5252912648462,45.8818652506341,96.1743321249478,13.9043708471581
"877",46.6638483989536,52.738194450922,94.2846869117173,24.5323398569599
"878",42.5927756446693,51.0789029368722,115.870099532966,28.662649965845
"879",31.0627158037767,55.3879739723604,95.4895334570981,28.4571965876967
"880",35.2006985126101,53.2145493270334,101.017297398557,12.4790650280192
"881",43.8132498183841,52.0565032485643,100.072134362468,24.0869493177161
"882",32.7115822492639,50.8668032823539,96.9619670295925,13.7942188093439
"883",25.8875628594026,39.7486539992983,84.7728137073279,18.6654884321615
"884",31.534046572838,46.1884732855931,75.286304743689,22.0955022284761
"885",41.8978380736063,53.6931725735147,105.26625091192,19.3452232936397
"886",37.0035561556888,54.5363477202901,106.164188987662,12.7163271699101
"887",42.4179660689598,49.1342818587224,99.2525592909719,29.397654440254
"888",42.1166391100541,51.212715616881,112.425950278563,27.1490654861555
"889",36.3800199296437,47.7334594400664,104.553769449057,24.9913807958364
"890",41.1687938634988,45.4439219496683,89.7766265158687,25.6074410863221
"891",45.3691746264162,51.2913923956153,98.7033218248288,17.7190599031746
"892",32.9690839378875,56.8058612715589,99.1564676215198,23.7471457989886
"893",49.5385963393936,59.7047173426667,105.031327420099,17.5867586862296
"894",39.6247758463463,57.0799758222703,108.812536517505,10.9633696964011
"895",40.2527856419075,53.5705674703927,97.5414084406956,23.8044514786452
"896",37.2827255810195,48.1724991782166,86.9507844433635,14.5499358978122
"897",42.7391128887716,48.7962718733815,105.719120463821,16.41955842264
"898",37.7637936305977,54.1853541089175,106.977827721927,12.4871503794566
"899",40.3090916556989,57.625835731568,103.087893975734,14.6727087115869
"900",49.9499018589611,50.7148256559314,104.647228484685,26.7449851054698
"901",37.6850529491239,50.7773764146465,100.835066917744,27.5278625497594
"902",34.0355447916958,43.758978473159,96.3116314093091,20.0306402333081
"903",39.8924274393082,47.1565810402027,102.309735670715,27.888555736281
"904",35.9005908485625,48.6400488894923,92.1565096228055,28.1146574160084
"905",33.1105834541406,61.5305240442648,115.870674491899,14.116550181061
"906",19.3989870376873,52.4640591198884,101.347486271211,19.1869829408824
"907",35.2394709906299,47.7377599533477,92.5964381245941,12.5757046090439
"908",34.8813259998681,52.0190085050844,106.010270725193,26.4634828455746
"909",42.0479953065923,50.0729840610817,110.011985636233,20.2250236645341
"910",31.4507827886979,48.8109919006843,99.9685103664174,12.593958619982
"911",24.5908107809745,42.2220303179501,73.6447410241011,20.6713966978714
"912",27.2823946559517,45.7777714445636,76.2007776914986,18.4184151841328
"913",35.665575139681,44.7433815590114,97.9482303708815,25.5077373515815
"914",37.5880395945303,53.5493838388625,96.9849825523165,16.8144463468343
"915",35.327535857084,46.6872925260984,98.8549387031752,15.3451205417514
"916",30.1809295559854,46.7859247118581,88.5490897181767,23.8569508120418
"917",36.481837649498,44.0461463486622,89.8414630365252,17.6606691349298
"918",42.432495309919,55.1585771499624,122.507698139429,16.9474093429744
"919",30.6678309661816,55.5180502407785,105.246325276811,15.0278084585443
"920",28.0038501795607,44.4763705425673,85.628954135616,18.6727010412142
"921",45.6277576940964,49.7690675079318,82.7355962339678,24.3642030889168
"922",34.9074903968271,49.4256313744865,96.1313213012654,17.0523846335709
"923",37.8607871127018,54.53481209289,113.728927357567,12.1562888938934
"924",45.2888283183194,50.8698768945425,110.839197657341,18.8976591080427
"925",26.2252729123756,46.6401986274491,95.2369872852082,18.9005339518189
"926",38.2284875826552,47.8306002012049,94.916386955036,24.8369734268636
"927",29.9049785797384,47.0580025752171,97.3283522121351,25.9180056443438
"928",22.5569790401841,39.8016001129275,68.617026915969,26.5639973850921
"929",19.8648449839436,43.3044562071715,81.7408408855659,10.1157565694302
"930",35.4487059124074,51.7128424978921,83.984003099377,13.2030051294714
"931",47.5504175299344,57.0889245999897,108.846666194076,17.5698193022981
"932",24.8654527767944,48.3997570820827,104.037068314511,13.7288981117308
"933",32.1358746562578,54.55615474846,95.7932502684254,15.4204781074077
"934",39.3279997199328,52.0811968829797,84.7905272444544,12.1172970440239
"935",28.2302994835962,49.536693974784,96.0436313211238,25.0401723338291
"936",31.5486131620714,53.0537863590221,89.1707927154716,26.9024302810431
"937",40.4150793283232,55.4340978999372,93.9460571426183,26.6062169335783
"938",32.4549200858709,45.162136535397,96.2372704781705,10.8849566895515
"939",46.8996931976049,57.6788421164073,108.201701267966,29.3271510163322
"940",36.090065987497,47.7899923518877,84.5707128865163,13.5245520528406
"941",33.7427898356071,50.05334339902,88.108064038179,19.1420028079301
"942",39.1227589695149,55.6213698361704,107.779785154569,18.0028933146968
"943",43.9633905546571,61.7680384765522,115.648936724996,22.9988508950919
"944",34.7286742858678,60.028494408291,106.497267441244,11.5040629031137
"945",34.2990549195761,43.6098785044184,88.7164830077244,20.2537880232558
"946",48.5678320796156,57.6613772184952,111.56440681163,19.4962376495823
"947",55.4825691550678,56.643206652623,105.818536317898,26.0460357787088
"948",34.8199323373045,51.7563888503922,89.0397342397523,13.5954539012164
"949",45.1797850188369,60.3403379415975,122.168184410215,26.4107461180538
"950",38.2670367346274,48.5360268737396,93.75456041822,10.6628980860114
"951",36.1198445093058,50.7008666920317,87.1482811170575,19.583364087157
"952",30.1427565664845,48.5334311660164,88.4917480742742,15.9496054053307
"953",29.702908351537,43.6000504960516,87.1813374621328,20.3273675404489
"954",37.6374676206364,46.9784864726321,94.2910336194383,26.1367842741311
"955",30.9129761082612,42.989470023164,92.3020853899564,13.5886562615633
"956",40.1116164700036,57.4188970208416,100.797032437757,27.6502928184345
"957",41.3156719502377,56.8087263594714,110.195658217146,10.6484550377354
"958",29.7684248525081,47.3863180765556,91.9789815126387,12.2825642535463
"959",34.8626609036942,44.8969135792441,94.6508051329902,19.2925125500187
"960",34.7269645990409,54.2279730827833,90.6488014417851,23.3688234863803
"961",43.7247041820452,54.3403090166862,105.161069520617,29.8969849804416
"962",37.6660199417087,60.2480478400057,109.499301251601,20.9330930421129
"963",31.59587036177,46.8181342070106,104.287126125402,10.8724334603176
"964",35.2128324063415,50.752291766689,110.310889326821,24.7050802456215
"965",34.1643483539329,52.6854929676489,89.6574542862298,17.7491128165275
"966",36.3458181377937,52.0047736522223,96.4515230326895,20.0571440998465
"967",29.9290566273391,47.9408473339647,91.2175562963868,21.1787137854844
"968",33.6155836674189,46.2312255181062,89.3273130779467,24.3535418389365
"969",31.1753337732808,51.2567158595494,96.0766253415023,21.1208258522674
"970",32.6539844664534,50.3485162586721,104.428426006091,19.2263211403042
"971",37.6535385191942,51.8591523315274,86.0592314855012,16.1697518406436
"972",32.9681751248848,49.368103763772,85.771924478757,21.9275994971395
"973",37.1933801838694,48.5205072171223,104.195600382766,17.7195922937244
"974",42.824313524825,47.0790143540336,91.3065758157846,29.6423216816038
"975",42.7206336997633,50.7309632722955,113.098094760764,20.0589994015172
"976",45.9647368350297,49.8238925470694,108.620917194444,12.5385742913932
"977",39.9537564468579,52.4579896852659,93.9765606641784,23.7994669564068
"978",32.4352925808608,50.8580046858595,91.5328612209042,18.5076369624585
"979",44.8698283401475,50.2139744116365,109.639926755774,28.7153024459258
"980",31.7724815839322,54.282171496921,105.275469320653,22.6210272777826
"981",36.5969574212844,43.4229329291461,93.1931602057363,25.6321902340278
"982",37.5799200743561,49.3011846733338,105.540102722938,15.1434625731781
"983",40.3640408906231,56.5903319795944,116.309029646977,11.4522920409217
"984",35.5362152504754,57.6314160151189,102.496119929282,12.1235555503517
"985",39.2884747639253,49.2220665502831,96.7774374803006,15.9618608420715
"986",38.6302998375182,48.3043254423694,94.115734539605,22.6563733071089
"987",29.6603078139537,61.1386448552286,116.855729854909,24.9116868712008
"988",28.8532891342837,51.2544717921715,88.6513213288645,15.5620290245861
"989",37.1628423677575,48.3846565776146,88.4592173867499,16.7564347712323
"990",31.427398523383,40.5987494475507,86.5553290029244,14.7601915104315
"991",39.7733193572915,59.0900855648881,105.972683511565,10.5594235053286
"992",38.3824579443744,53.6794121112483,101.045905535454,26.3460794603452
"993",36.5403255169112,46.6224110237852,102.80204772339,19.6943427855149
"994",34.2994140240489,48.0857115345201,106.050602745567,27.8169434890151
"995",26.4257304269125,43.6715154997077,93.0263704414091,16.7774279974401
"996",42.1506091068581,51.2723978293841,99.7848798445734,17.6999497506768
"997",41.6401432645901,55.1855278398145,97.6134763348719,27.3510150657967
"998",39.6913509867692,53.1016119329038,107.947598623714,21.5957700507715
"999",41.4408736003937,48.5354211548888,99.88512629499,27.8949831426144
"1000",25.2433954178409,51.6773472999483,108.311786661797,22.3498313780874
